SKU,Produto,Depósito,Estoque
799-03,BARRACA CAMPING -205*145*100cm,Grupo Vision,10
CALIB,CALIBRADOR + FUNÇÃO POWER BANK,Grupo Vision,1926
799-01,COLCHÃO CASAL INFLÁVEL - 191*137*22cm,Grupo Vision,4
KIT - C+B,Colchão Inflável Casal Premium + Bomba De Ar,Grupo Vision,663
221.DIVC-S,COMUTADOR AUTOMÁTICO DE IMAGEM P/ CÂMERAS FRONTAL + RÉ,Grupo Vision,29
(A)-MF700V,ESPONJA/LUVA DE MICROFIBRA - AMOSTRA,Grupo Vision,4
799-02,INFLADOR MANUAL,Grupo Vision,50
FY-094,JOGO DE SOQUETES 94 PÇS CR-V,Grupo Vision,5
799-04,KIT 12 FACAS AÇO INOX,Grupo Vision,50
799-05,KIT 12 GARFOS AÇO INOX,Grupo Vision,50
D2S,KIT LED D-SERIES D2S,Grupo Vision,51
D4S,KIT LED D-SERIES D4S,Grupo Vision,44
MB-002S,KIT TRANSFORMAÇÃO MOTOR BICICLETA - PRATA,Grupo Vision,5
MB-001B,KIT TRANSFORMAÇÃO MOTOR BICICLETA - PRETO,Grupo Vision,5
F7-9005/9006,KIT ULTRA LED F7 - 9005/9006 (HB3/HB4),Grupo Vision,727
F7-9012,KIT ULTRA LED F7 - 9012,Grupo Vision,48
F7-H1,KIT ULTRA LED F7 - H1,Grupo Vision,702
F7-H11,KIT ULTRA LED F7 - H11,Grupo Vision,3441
F7-H27,KIT ULTRA LED F7 - H27,Grupo Vision,1735
F7-H3,KIT ULTRA LED F7 - H3,Grupo Vision,371
F7-H4,KIT ULTRA LED F7 - H4,Grupo Vision,3767
F7-H7,KIT ULTRA LED F7 - H7,Grupo Vision,2958
ZE-9005/06,KIT ULTRA LED ZEUS PREMIUM 9005/9006 - 16.000LM,Grupo Vision,719
ZE-H1,KIT ULTRA LED ZEUS PREMIUM H1 - 16.000LM,Grupo Vision,788
ZE-H11,KIT ULTRA LED ZEUS PREMIUM H11 - 16.000LM,Grupo Vision,1455
ZE-H16,KIT ULTRA LED ZEUS PREMIUM H16 - 16.000LM,Grupo Vision,140
ZE-H27,KIT ULTRA LED ZEUS PREMIUM H27 - 16.000LM,Grupo Vision,955
ZE-H3,KIT ULTRA LED ZEUS PREMIUM H3 - 16.000LM,Grupo Vision,195
ZE-H4,KIT ULTRA LED ZEUS PREMIUM H4 - 16.000LM,Grupo Vision,1449
ZE-H7,KIT ULTRA LED ZEUS PREMIUM H7 - 16.000LM,Grupo Vision,1137
17-191-R,LANTERNA ETIOS SEDAN 13/18 - LD,Grupo Vision,1
17-191-L,LANTERNA ETIOS SEDAN 13/18 - LE,Grupo Vision,1
10-122-L,LANTERNA FIESTA SEDAN 10/11 FUMÊ - LE,Grupo Vision,1
01-004-R,LANTERNA PALIO 01/06 - LD,Grupo Vision,1
01-004-L,LANTERNA PALIO 01/06 - LE,Grupo Vision,1
01-210B-L,LANTERNA PALIO FIRE 04/15 - LE,Grupo Vision,1
CW1,Lavadora Portátil Para Carros Quintal Pressão Recarregável - CW1,Grupo Vision,1552
CW2,Lavadora Portátil Premium Com Bateria Max De Longa Duração - CW2,Grupo Vision,98
CRF200V,MINI CÂMERA DE RÉ + FUNÇÃO FRONTAL (MODELO BORBOLETA 2X1),Grupo Vision,5975
19101,"MULTIMÍDIA 1DIN 10.1"" SISTEMA ANDROID + ANDROID AUTO E CARPLAY 19101 (2+32GB)",Grupo Vision,91
89101X,"MULTIMÍDIA 2DIN 10.1"" SISTEMA ANDROID + ANDROID AUTO E CARPLAY 89101X (2+32GB)",Grupo Vision,152
8970X,"MULTIMÍDIA 2DIN 7"" SISTEMA ANDROID + ANDROID AUTO E CARPLAY 8970X (2+32GB)",Grupo Vision,1456
P13-7,"MULTIMÍDIA 2DIN 7"" SISTEMA ANDROID + ANDROID AUTO E CARPLAY P13-7"" (2+32GB)",Grupo Vision,1
8990X,"MULTIMÍDIA 9"" SISTEMA ANDROID + ANDROID AUTO E CARPLAY 8990X (2+32GB)",Grupo Vision,1061
P13-9,"MULTIMÍDIA 9"" SISTEMA ANDROID + ANDROID AUTO E CARPLAY P13-9"" (2+32GB)",Grupo Vision,1
BX-P7,"MULTIMÍDIA BX-P7 PREMIUM 7"" SISTEMA ANDROID + ANDROID AUTO E CARPLAY (4+64GB) OCTACORE",Grupo Vision,4
BX-P9,"MULTIMÍDIA BX-P9 PREMIUM 9"" SISTEMA ANDROID + ANDROID AUTO E CARPLAY (4+64GB) OCTACORE",Grupo Vision,6
8950CP-9,"MULTIMÍDIA MP5 2DIN 9"" FULL-TOUCH C/ ANDROID AUTO E CARPLAY 8950CP-9",Grupo Vision,50
G-PARAF,PARAFUSADEIRA GAMBIT,Grupo Vision,1596
1791BT,RÁDIO MP3 PLAYER 1791BT (VERMELHO),Grupo Vision,739
1792BT,RÁDIO MP3 PLAYER 1792BT (AZUL),Grupo Vision,379
1795BT,RÁDIO MP3 PLAYER 1795BT (VERMELHO),Grupo Vision,479
1801BT,RÁDIO MP3 PLAYER 4X52W 1801BT,Grupo Vision,1
V1-H3,SUPER LED V1 - H3,Grupo Vision,622
