sku_mercos,sku_ml_amazon,produto,deposito_mercos,estoque_mercos
CALIB,DVCALIBPORTCZK,CALIBRADOR + FUNÇÃO POWER BANK,Grupo Vision,1926
KIT - C+B,DVCOLCHAO01,Colchão Inflável Casal Premium + Bomba De Ar,Grupo Vision,663
F7-9005/9006,DVLEDF7HB3HB4,KIT ULTRA LED F7 - 9005/9006 (HB3/HB4),Grupo Vision,727
F7-H1,DVLEDF7H1,KIT ULTRA LED F7 - H1,Grupo Vision,702
F7-H11,DVLEDF7H11,KIT ULTRA LED F7 - H11,Grupo Vision,3441
F7-H27,DVLEDF7H27,KIT ULTRA LED F7 - H27,Grupo Vision,1735
F7-H3,DVLEDF7H3,KIT ULTRA LED F7 - H3,Grupo Vision,371
F7-H4,DVLEDF7H4,KIT ULTRA LED F7 - H4,Grupo Vision,3767
F7-H7,DVLEDF7H7,KIT ULTRA LED F7 - H7,Grupo Vision,2958
ZE-9005/06,DVSLEDZEUSHB3HB4,KIT ULTRA LED ZEUS PREMIUM 9005/9006 - 16.000LM,Grupo Vision,719
ZE-H1,DVSLEDZEUSH1,KIT ULTRA LED ZEUS PREMIUM H1 - 16.000LM,Grupo Vision,788
ZE-H11,DVSLEDZEUSH11,KIT ULTRA LED ZEUS PREMIUM H11 - 16.000LM,Grupo Vision,1455
ZE-H16,DVSLEDZEUSH16,KIT ULTRA LED ZEUS PREMIUM H16 - 16.000LM,Grupo Vision,140
ZE-H27,DVSLEDZEUSH27,KIT ULTRA LED ZEUS PREMIUM H27 - 16.000LM,Grupo Vision,955
ZE-H3,DVSLEDZEUSH3,KIT ULTRA LED ZEUS PREMIUM H3 - 16.000LM,Grupo Vision,195
ZE-H4,DVSLEDZEUSH4,KIT ULTRA LED ZEUS PREMIUM H4 - 16.000LM,Grupo Vision,1449
ZE-H7,DVSLEDZEUSH7,KIT ULTRA LED ZEUS PREMIUM H7 - 16.000LM,Grupo Vision,1137
CW1,DVLAVADORASTANDARD,Lavadora Portátil Para Carros Quintal Pressão Recarregável - CW1,Grupo Vision,1552
CW2,DVLAVADORAPREMIUM,Lavadora Portátil Premium Com Bateria Max De Longa Duração - CW2,Grupo Vision,98
CRF200V,DV_CAMERARE,MINI CÂMERA DE RÉ + FUNÇÃO FRONTAL (MODELO BORBOLETA 2X1),Grupo Vision,5975
8970X,DVMULTIMIDIA7_2_32,"MULTIMÍDIA 2DIN 7"" SISTEMA ANDROID + ANDROID AUTO E CARPLAY 8970X (2+32GB)",Grupo Vision,1456
8990X,DVMULTIMIDIA9_2_32,"MULTIMÍDIA 9"" SISTEMA ANDROID + ANDROID AUTO E CARPLAY 8990X (2+32GB)",Grupo Vision,1061
G-PARAF,DVPARAFUSA01,PARAFUSADEIRA GAMBIT,Grupo Vision,1596
