SKU,Produto,Estoque,Depósito
DVPARAFUSA01,Furadeira Parafusadeira Gambit Kit Profissional Com Maleta,206,Mercado Livre (Full)
DVLAVADORASTANDARD,Lavadora Portátil Para Carros Quintal Pressão Recarregável,215,Mercado Livre (Full)
DVLAVADORAPREMIUM,Lavadora Portátil Premium Com Bateria Max De Longa Duração,379,Mercado Livre (Full)
DVMULTIMIDIA9_2_32,Central Multimidia 9pol 2gb 32gb Quadcore Carplay E Android,430,Mercado Livre (Full)
DVMULTIMIDIA7_2_32,Central Multimidia 7pol 2gb 32gb Quadcore Carplay E Android,417,Mercado Livre (Full)
DVLEDF7H16,Kit Lâmpada Ultra Led F7 10.000 Lm 6000k Premium Exclusiva,3,Mercado Livre (Full)
DVLEDF7H1,Kit Lâmpada Ultra Led F7 10.000 Lm 6000k Premium Exclusiva,0,Mercado Livre (Full)
DVLEDF7H11,Kit Lâmpada Ultra Led F7 10.000 Lm 6000k Premium Exclusiva,23,Mercado Livre (Full)
DVLEDF7H3,Kit Lâmpada Ultra Led F7 10.000 Lm 6000k Premium Exclusiva,6,Mercado Livre (Full)
DVLEDF7H7,Kit Lâmpada Ultra Led F7 10.000 Lm 6000k Premium Exclusiva,23,Mercado Livre (Full)
DVLEDF7H4,Kit Lâmpada Ultra Led F7 10.000 Lm 6000k Premium Exclusiva,19,Mercado Livre (Full)
DVLEDF7H27,Kit Lâmpada Ultra Led F7 10.000 Lm 6000k Premium Exclusiva,6,Mercado Livre (Full)
DVLEDF7HB3HB4,Kit Lâmpada Ultra Led F7 10.000 Lm 6000k Premium Exclusiva,1,Mercado Livre (Full)
DVCOLCHAO01,Colchão Inflável Casal Premium + Bomba De Ar.,539,Mercado Livre (Full)
DVCALIBPORTCZK,Calibrador Compressor Pneu Digital Carro Bike Moto Sem Fio,158,Mercado Livre (Full)
DVSLEDZEUSH16,Kit Lâmpada Ultra Led Premium Zeus 16.000 Lm 6000k Canceller,1,Mercado Livre (Full)
DVSLEDZEUSH1,Kit Lâmpada Ultra Led Premium Zeus 16.000 Lm 6000k Canceller,0,Mercado Livre (Full)
DVSLEDZEUSH11,Kit Lâmpada Ultra Led Premium Zeus 16.000 Lm 6000k Canceller,3,Mercado Livre (Full)
DVSLEDZEUSH3,Kit Lâmpada Ultra Led Premium Zeus 16.000 Lm 6000k Canceller,2,Mercado Livre (Full)
DVSLEDZEUSH7,Kit Lâmpada Ultra Led Premium Zeus 16.000 Lm 6000k Canceller,0,Mercado Livre (Full)
DVSLEDZEUSH4,Kit Lâmpada Ultra Led Premium Zeus 16.000 Lm 6000k Canceller,4,Mercado Livre (Full)
DVSLEDZEUSH27,Kit Lâmpada Ultra Led Premium Zeus 16.000 Lm 6000k Canceller,2,Mercado Livre (Full)
DVSLEDZEUSHB3HB4,Kit Lâmpada Ultra Led Premium Zeus 16.000 Lm 6000k Canceller,16,Mercado Livre (Full)
DVMULTIMIDIA9CAMERARE,Central Multimidia 9pol 2gb 32gb Android E Câmera De Ré ,500,Mercado Livre (Full)
DVMULTIMIDIA7CAMERARE,Central Multimidia 7pol 2gb 32gb Android E Câmera De Ré ,499,Mercado Livre (Full)
DV_CAMERARE,Câmera De Ré Automotiva 2 Em 1 Colorida Borboleta E Embutir,500,Mercado Livre (Full)
